,City,Cloudiness (%),Country,Date,Humidity,Lat,Lng,Max Temp (Â°F),Wind Speed (mph)
0,christchurch,100.0,NZ,09-13-2019,100.0,-43.53,172.64,46.99,9.17
1,butaritari,0.0,KI,09-13-2019,65.0,3.07,172.79,83.41,2.46
2,klaksvik,94.0,FO,09-13-2019,81.0,62.23,-6.59,50.0,21.92
3,georgetown,20.0,GY,09-13-2019,66.0,6.8,-58.16,87.8,13.87
4,adrar,40.0,DZ,09-13-2019,16.0,27.87,-0.29,95.0,5.82
5,kapaa,40.0,US,09-13-2019,70.0,22.08,-159.32,84.2,12.75
6,punta arenas,40.0,CL,09-13-2019,42.0,-53.16,-70.91,44.6,11.41
7,esmeraldas,0.0,BR,09-13-2019,18.0,-19.76,-44.31,91.4,12.75
8,hermanus,100.0,ZA,09-13-2019,94.0,-34.42,19.24,53.01,1.99
9,putina,75.0,PE,09-13-2019,47.0,-14.91,-69.87,55.4,11.41
10,quatre cocos,75.0,MU,09-13-2019,83.0,-20.21,57.76,71.01,16.11
11,airai,100.0,TL,09-13-2019,53.0,-8.93,125.41,63.97,4.0
12,burnie,0.0,AU,09-13-2019,83.0,-41.05,145.91,43.99,6.4
13,luoyang,100.0,CN,09-13-2019,68.0,34.66,112.42,61.09,8.7
14,east london,61.0,ZA,09-13-2019,63.0,-33.02,27.91,52.63,11.54
15,khatanga,85.0,RU,09-13-2019,91.0,71.98,102.47,29.05,8.08
16,am timan,37.0,TD,09-13-2019,90.0,11.04,20.28,73.15,4.25
17,arraial do cabo,75.0,BR,09-13-2019,88.0,-22.97,-42.02,73.4,17.22
18,cape town,0.0,ZA,09-13-2019,71.0,-33.93,18.42,55.0,3.36
19,saldanha,100.0,PT,09-13-2019,38.0,41.42,-6.55,70.99,9.64
20,dondo,75.0,MZ,09-13-2019,100.0,-19.62,34.74,73.4,6.93
21,ribeira grande,40.0,PT,09-13-2019,78.0,38.52,-28.7,71.6,10.67
22,huainan,36.0,CN,09-13-2019,92.0,32.59,117.01,74.05,8.95
23,ponta do sol,77.0,BR,09-13-2019,28.0,-20.63,-46.0,82.15,6.51
24,thompson,75.0,CA,09-13-2019,59.0,55.74,-97.86,60.8,5.82
25,newport,1.0,US,09-13-2019,42.0,41.49,-71.31,68.0,9.17
26,olinda,20.0,AU,09-13-2019,93.0,-37.84,145.39,51.01,9.17
27,avera,75.0,US,09-13-2019,46.0,33.19,-82.53,93.2,4.7
28,seoul,75.0,KR,09-13-2019,94.0,37.57,126.98,71.6,1.12
29,rikitea,0.0,PF,09-13-2019,74.0,-23.12,-134.97,71.89,14.25
30,plettenberg bay,100.0,ZA,09-13-2019,75.0,-34.05,23.37,52.81,2.35
31,hobart,75.0,AU,09-13-2019,61.0,-42.88,147.33,50.0,9.17
32,poum,0.0,MK,09-13-2019,54.0,41.28,20.71,59.0,5.82
33,nuristan,0.0,UZ,09-13-2019,37.0,38.49,65.64,66.2,2.24
34,mataura,2.0,NZ,09-13-2019,89.0,-46.19,168.86,39.99,1.99
35,oranjestad,20.0,AW,09-13-2019,70.0,12.52,-70.03,89.6,24.16
36,kangaatsiaq,99.0,GL,09-13-2019,80.0,68.31,-53.46,37.51,6.82
37,nizhneyansk,,,,,,,,
38,tiznit,0.0,MA,09-13-2019,77.0,29.7,-9.73,70.45,8.28
39,yakshur-bodya,,,,,,,,
40,utiroa,,,,,,,,
41,tessalit,0.0,ML,09-13-2019,13.0,20.2,1.01,98.53,11.3
42,avarua,0.0,CK,09-13-2019,64.0,-21.21,-159.78,75.2,5.82
43,yellowknife,75.0,CA,09-13-2019,63.0,62.45,-114.38,62.6,17.22
44,brownsville,40.0,US,09-13-2019,55.0,25.91,-97.49,91.0,16.11
45,jalu,0.0,LY,09-13-2019,43.0,29.03,21.55,80.89,17.02
46,tuktoyaktuk,90.0,CA,09-13-2019,93.0,69.44,-133.03,42.8,10.29
47,iqaluit,40.0,CA,09-13-2019,65.0,63.75,-68.52,44.6,18.34
48,ancud,40.0,CL,09-13-2019,81.0,-41.87,-73.83,51.8,5.82
49,new norfolk,75.0,AU,09-13-2019,61.0,-42.78,147.06,50.0,9.17
50,atuona,90.0,PF,09-13-2019,71.0,-9.8,-139.03,79.45,9.53
51,bluff,0.0,AU,09-13-2019,30.0,-23.58,149.07,60.91,4.09
52,maumere,70.0,ID,09-13-2019,68.0,-8.63,122.22,69.91,2.51
53,taolanaro,,,,,,,,
54,constitucion,75.0,MX,09-13-2019,46.0,23.99,-104.67,73.99,2.24
55,upernavik,100.0,GL,09-13-2019,94.0,72.79,-56.15,28.87,13.8
56,belushya guba,,,,,,,,
57,amderma,,,,,,,,
58,santa isabel do rio negro,94.0,BR,09-13-2019,47.0,-0.41,-65.02,94.21,2.24
59,touros,20.0,BR,09-13-2019,74.0,-5.2,-35.46,78.8,11.41
60,sistranda,40.0,NO,09-13-2019,87.0,63.73,8.83,53.01,18.34
61,sao filipe,17.0,CV,09-13-2019,84.0,14.9,-24.5,78.19,24.23
62,iquitos,75.0,PE,09-13-2019,78.0,-3.75,-73.25,80.6,8.05
63,ji-parana,,,,,,,,
64,kahului,20.0,US,09-13-2019,52.0,20.89,-156.47,89.6,17.22
65,juneau,90.0,US,09-13-2019,93.0,58.3,-134.42,57.2,17.22
66,albany,75.0,US,09-13-2019,52.0,42.65,-73.75,71.01,5.82
67,vaitupu,,,,,,,,
68,bredasdorp,100.0,ZA,09-13-2019,87.0,-34.53,20.04,46.4,4.7
69,chokurdakh,100.0,RU,09-13-2019,42.0,70.62,147.9,39.67,20.36
70,marquette,75.0,US,09-13-2019,68.0,46.54,-87.4,71.6,18.34
71,saskylakh,99.0,RU,09-13-2019,93.0,71.97,114.09,35.71,16.96
72,tucuman,0.0,PE,09-13-2019,26.0,-17.17,-70.89,68.11,9.8
73,samusu,,,,,,,,
74,savannah bight,98.0,HN,09-13-2019,72.0,16.45,-85.85,83.41,8.48
75,puerto ayora,20.0,EC,09-13-2019,51.0,-0.74,-90.35,80.6,18.34
76,myitkyina,100.0,MM,09-13-2019,99.0,25.38,97.4,71.17,1.81
77,candelaria,100.0,PH,09-13-2019,95.0,13.93,121.42,75.0,1.21
78,codrington,90.0,AU,09-13-2019,93.0,-28.95,153.24,54.0,4.7
79,nikolskoye,90.0,RU,09-13-2019,81.0,59.7,30.79,54.0,6.71
80,mercedes,39.0,UY,09-13-2019,49.0,-33.25,-58.03,64.0,4.0
81,grand river south east,,,,,,,,
82,lasa,40.0,CY,09-13-2019,78.0,34.92,32.53,77.0,4.7
83,pisco,20.0,PE,09-13-2019,30.0,-13.71,-76.2,71.6,10.29
84,ushuaia,75.0,AR,09-13-2019,48.0,-54.81,-68.31,44.6,3.15
85,calvia,0.0,ES,09-13-2019,60.0,39.57,2.51,75.2,6.93
86,nouadhibou,0.0,MR,09-13-2019,78.0,20.93,-17.03,71.6,16.11
87,taoudenni,99.0,ML,09-13-2019,15.0,22.68,-3.98,104.47,9.26
88,vaini,53.0,IN,09-13-2019,94.0,15.34,74.49,74.59,0.43
89,ouegoa,0.0,NC,09-13-2019,72.0,-20.34,164.44,69.01,21.18
90,silleda,20.0,ES,09-13-2019,82.0,42.7,-8.25,79.0,6.93
91,pontianak,100.0,ID,09-13-2019,80.0,-0.02,109.34,78.55,16.4
92,torrington,1.0,US,09-13-2019,15.0,42.06,-104.18,80.6,8.05
93,hithadhoo,64.0,MV,09-13-2019,72.0,-0.6,73.08,83.77,8.88
94,turukhansk,100.0,RU,09-13-2019,84.0,65.8,87.96,31.75,7.87
95,busselton,95.0,AU,09-13-2019,91.0,-33.64,115.35,63.0,15.19
96,los llanos de aridane,0.0,ES,09-13-2019,73.0,28.66,-17.92,73.4,10.29
97,havre-saint-pierre,1.0,CA,09-13-2019,66.0,50.23,-63.6,51.8,16.11
98,rio gallegos,20.0,AR,09-13-2019,34.0,-51.62,-69.22,50.0,8.05
99,tuatapere,0.0,NZ,09-13-2019,89.0,-46.13,167.69,39.99,1.99
100,bowmore,75.0,US,09-13-2019,69.0,34.94,-79.3,84.2,6.93
101,ruhengeri,,,,,,,,
102,hofn,23.0,IS,09-13-2019,76.0,64.25,-15.21,27.97,5.93
103,mount isa,0.0,AU,09-13-2019,39.0,-20.73,139.49,48.2,11.52
104,emmen,0.0,CH,09-13-2019,82.0,47.08,8.28,64.4,1.57
105,babanusah,,,,,,,,
106,barrow,0.0,AR,09-13-2019,64.0,-38.31,-60.23,59.47,7.02
107,port alfred,36.0,ZA,09-13-2019,76.0,-33.59,26.89,60.01,7.0
108,alekseyevsk,100.0,RU,09-13-2019,92.0,57.84,108.35,32.47,9.26
109,aljezur,34.0,PT,09-13-2019,68.0,37.31,-8.8,73.99,3.67
110,cherskiy,3.0,RU,09-13-2019,42.0,68.75,161.3,40.21,17.58
111,sokoni,0.0,CD,09-13-2019,23.0,-12.89,28.78,66.13,6.17
112,caronport,75.0,CA,09-13-2019,52.0,50.46,-105.81,73.99,13.87
113,nisia floresta,20.0,BR,09-13-2019,74.0,-6.09,-35.21,78.8,14.99
114,vila franca do campo,75.0,PT,09-13-2019,83.0,37.72,-25.43,69.8,6.93
115,sorvag,,,,,,,,
116,kodiak,1.0,US,09-13-2019,50.0,39.95,-94.76,80.01,5.82
117,bethel,40.0,US,09-13-2019,81.0,60.79,-161.76,53.6,6.93
118,severo-kurilsk,0.0,RU,09-13-2019,89.0,50.68,156.12,49.39,11.59
119,jamestown,0.0,AU,09-13-2019,77.0,-33.21,138.6,50.11,5.12
120,hilo,40.0,US,09-13-2019,66.0,19.71,-155.08,84.2,6.93
121,dunedin,0.0,NZ,09-13-2019,75.0,-45.87,170.5,45.61,16.13
122,mar del plata,89.0,AR,09-13-2019,39.0,-46.43,-67.52,56.77,15.55
123,luanda,75.0,AO,09-13-2019,83.0,-8.83,13.24,73.4,8.05
124,itupiranga,0.0,BR,09-13-2019,52.0,-5.13,-49.33,91.4,6.93
125,otane,70.0,NZ,09-13-2019,84.0,-39.89,176.62,51.01,3.22
126,awjilah,0.0,LY,09-13-2019,64.0,29.14,21.3,77.29,20.74
127,inhambane,0.0,MZ,09-13-2019,83.0,-23.87,35.38,71.35,8.37
128,lalibela,100.0,ET,09-13-2019,90.0,12.04,39.05,56.95,7.09
129,tumannyy,,,,,,,,
130,gore,99.0,ET,09-13-2019,98.0,8.15,35.53,56.59,1.25
131,saryshagan,,,,,,,,
132,chulman,0.0,RU,09-13-2019,82.0,56.84,124.9,27.97,3.31
133,atar,0.0,MR,09-13-2019,16.0,20.52,-13.05,99.07,11.88
134,port hardy,90.0,CA,09-13-2019,93.0,50.7,-127.42,59.0,2.24
135,dikson,96.0,RU,09-13-2019,86.0,73.51,80.55,36.43,14.03
136,qaanaaq,2.0,GL,09-13-2019,56.0,77.48,-69.36,24.01,4.18
137,roald,40.0,NO,09-13-2019,71.0,62.58,6.12,51.8,20.8
138,jiutai,20.0,CN,09-13-2019,87.0,44.15,125.84,55.4,3.58
139,porto velho,75.0,BR,09-13-2019,41.0,-8.75,-63.87,95.0,4.7
140,attawapiskat,,,,,,,,
141,bilibino,0.0,RU,09-13-2019,37.0,68.06,166.44,34.81,3.78
142,cap malheureux,75.0,MU,09-13-2019,83.0,-19.98,57.61,71.01,16.11
143,hasaki,75.0,JP,09-13-2019,100.0,35.73,140.83,66.2,9.17
144,souillac,0.0,FR,09-13-2019,47.0,45.6,-0.6,77.0,4.7
145,jasper,1.0,US,09-13-2019,28.0,33.83,-87.28,100.0,4.7
146,cabo san lucas,40.0,MX,09-13-2019,52.0,22.89,-109.91,91.99,16.11
147,luderitz,0.0,NA,09-13-2019,54.0,-26.65,15.16,59.0,8.05
148,provideniya,100.0,RU,09-13-2019,78.0,64.42,-173.23,45.61,14.5
149,merauke,1.0,ID,09-13-2019,81.0,-8.49,140.4,75.31,22.95
150,malanje,23.0,AO,09-13-2019,48.0,-9.54,16.35,74.05,5.97
151,port elizabeth,90.0,US,09-13-2019,64.0,39.31,-74.98,72.0,12.75
152,basoko,55.0,CD,09-13-2019,98.0,1.23,23.61,67.39,0.85
153,carupano,23.0,VE,09-13-2019,75.0,10.67,-63.26,84.31,1.92
154,saint-raphael,90.0,HT,09-13-2019,69.0,19.43,-72.2,84.13,3.22
155,carnarvon,1.0,ZA,09-13-2019,27.0,-30.97,22.13,46.15,5.06
156,torbay,40.0,CA,09-13-2019,71.0,47.66,-52.73,50.0,11.41
157,samalaeulu,,,,,,,,
158,auki,33.0,NG,09-13-2019,84.0,12.18,6.51,77.47,6.69
159,mahebourg,75.0,MU,09-13-2019,83.0,-20.41,57.7,71.01,16.11
160,ilulissat,40.0,GL,09-13-2019,64.0,69.22,-51.1,37.4,4.7
161,araouane,26.0,ML,09-13-2019,21.0,18.9,-3.53,99.61,7.65
162,portland,40.0,US,09-13-2019,36.0,43.66,-70.25,64.99,9.17
163,yuli,0.0,CN,09-13-2019,96.0,24.82,106.77,68.47,0.89
164,invermere,53.0,CA,09-13-2019,68.0,50.51,-116.03,61.0,4.0
165,sakakah,,,,,,,,
166,bambous virieux,75.0,MU,09-13-2019,83.0,-20.34,57.76,71.01,16.11
167,faanui,79.0,PF,09-13-2019,71.0,-16.48,-151.75,77.83,9.42
168,sitka,0.0,US,09-13-2019,35.0,37.17,-99.65,84.0,18.01
169,castro,40.0,CL,09-13-2019,81.0,-42.48,-73.76,51.8,5.82
170,vicuna,,,,,,,,
171,umm durman,,,,,,,,
172,santa maria,0.0,BR,09-13-2019,16.0,-16.02,-48.01,93.2,8.05
173,villarrica,75.0,CL,09-13-2019,72.0,-39.28,-72.23,59.0,5.82
174,ngunguru,100.0,NZ,09-13-2019,94.0,-35.62,174.5,52.0,17.87
175,luba,94.0,PH,09-13-2019,87.0,17.32,120.7,72.43,4.36
176,gushikawa,20.0,JP,09-13-2019,88.0,26.35,127.87,82.4,12.75
177,esperance,0.0,AU,09-13-2019,87.0,-33.86,121.89,60.8,5.82
178,grootfontein,38.0,NA,09-13-2019,31.0,-19.56,18.1,58.57,3.87
179,lebu,75.0,ET,09-13-2019,93.0,8.96,38.73,59.0,4.7
180,westport,1.0,US,09-13-2019,49.0,41.14,-73.36,70.0,11.41
181,havelock,75.0,US,09-13-2019,74.0,34.88,-76.9,84.2,23.04
182,oktyabrskiy,0.0,RU,09-13-2019,63.0,55.61,37.97,64.4,4.47
183,tasiilaq,0.0,GL,09-13-2019,51.0,65.61,-37.64,39.2,5.82
184,namatanai,98.0,PG,09-13-2019,85.0,-3.66,152.44,78.91,14.07
185,pando,75.0,UY,09-13-2019,81.0,-34.72,-55.96,53.6,9.17
186,kalianget,83.0,ID,09-13-2019,95.0,-7.35,109.91,66.49,1.12
187,soria,88.0,ES,09-13-2019,76.0,41.76,-2.46,59.0,1.01
188,saint-philippe,1.0,CA,09-13-2019,43.0,45.36,-73.48,70.0,11.41
189,khilok,100.0,RU,09-13-2019,97.0,51.36,110.46,37.69,2.42
190,victoria,90.0,BN,09-13-2019,94.0,5.28,115.24,80.6,1.12
191,dzaoudzi,0.0,YT,09-13-2019,94.0,-12.79,45.27,71.6,2.24
192,puerto lumbreras,98.0,ES,09-13-2019,88.0,37.56,-1.81,64.0,13.0
193,san andres,100.0,PH,09-13-2019,93.0,13.32,122.68,76.03,3.62
194,skibbereen,20.0,IE,09-13-2019,81.0,51.55,-9.27,53.6,4.7
195,mys shmidta,,,,,,,,
196,mokhsogollokh,33.0,RU,09-13-2019,81.0,61.4,128.95,28.15,7.2
197,altotting,40.0,DE,09-13-2019,87.0,48.23,12.68,64.0,3.36
198,victoria point,20.0,AU,09-13-2019,87.0,-27.58,153.3,62.01,8.05
199,hovd,75.0,NO,09-13-2019,76.0,63.83,10.7,53.01,21.92
200,nuuk,75.0,GL,09-13-2019,75.0,64.17,-51.74,41.0,19.46
201,paita,0.0,PE,09-13-2019,290.0,-5.09,-81.11,62.6,17.22
202,kyshtovka,33.0,RU,09-13-2019,83.0,56.56,76.62,41.11,8.16
203,bandarbeyla,0.0,SO,09-13-2019,78.0,9.49,50.81,75.67,20.29
204,petaluma,1.0,US,09-13-2019,19.0,38.23,-122.64,99.0,6.93
205,udachnyy,90.0,RU,09-13-2019,100.0,66.42,112.4,26.6,6.71
206,okato,100.0,NZ,09-13-2019,93.0,-39.19,173.88,51.01,13.0
207,husavik,100.0,CA,09-13-2019,44.0,50.56,-96.99,63.0,5.01
208,tabiauea,,,,,,,,
209,moree,0.0,AU,09-13-2019,26.0,-29.46,149.84,42.8,5.82
210,harper,1.0,US,09-13-2019,26.0,30.3,-99.24,93.2,4.7
211,shingu,19.0,JP,09-13-2019,95.0,33.72,135.99,62.35,5.68
212,broome,0.0,GB,09-13-2019,87.0,52.47,1.45,55.4,4.88
213,darnah,0.0,LY,09-13-2019,61.0,32.77,22.64,79.09,30.0
214,ust-tsilma,83.0,RU,09-13-2019,97.0,65.44,52.15,48.85,4.32
215,inongo,57.0,CD,09-13-2019,70.0,-1.93,18.29,77.11,3.13
216,koungheul,0.0,SN,09-13-2019,90.0,13.98,-14.8,80.17,8.19
217,fortuna,20.0,ES,09-13-2019,68.0,38.18,-1.13,75.2,6.93
218,sept-iles,75.0,CA,09-13-2019,66.0,50.2,-66.38,53.01,12.75
219,aflu,,,,,,,,
220,bengkulu,,,,,,,,
221,korla,,,,,,,,
222,weligama,100.0,LK,09-13-2019,80.0,5.97,80.42,81.61,8.63
223,la ronge,20.0,CA,09-13-2019,52.0,55.1,-105.3,66.2,12.75
224,katsuura,75.0,JP,09-13-2019,88.0,33.93,134.5,75.2,10.29
225,guerrero negro,78.0,MX,09-13-2019,80.0,27.97,-114.04,71.89,8.14
226,zilair,0.0,RU,09-13-2019,83.0,52.23,57.44,49.03,1.79
227,simplicio mendes,95.0,BR,09-13-2019,26.0,-7.85,-41.91,88.27,3.78
228,norman wells,75.0,CA,09-13-2019,62.0,65.28,-126.83,55.4,13.87
229,muros,20.0,ES,09-13-2019,82.0,42.77,-9.06,79.0,6.93
230,sur,100.0,OM,09-13-2019,82.0,22.57,59.53,76.21,12.53
231,bahia blanca,0.0,AR,09-13-2019,53.0,-38.72,-62.27,62.89,8.95
232,puunsi,,,,,,,,
233,urengoy,0.0,RU,09-13-2019,89.0,65.96,78.37,29.59,4.68
234,asau,,,,,,,,
235,sao geraldo do araguaia,99.0,BR,09-13-2019,30.0,-6.4,-48.55,93.67,2.57
236,brawley,40.0,US,09-13-2019,5.0,32.98,-115.53,105.8,4.7
237,lavrentiya,55.0,RU,09-13-2019,86.0,65.58,-170.99,44.71,10.04
238,ngukurr,,,,,,,,
239,skibotn,75.0,NO,09-13-2019,87.0,69.39,20.27,42.8,11.41
240,san quintin,94.0,PH,09-13-2019,87.0,17.54,120.52,72.43,4.36
241,sassandra,98.0,CI,09-13-2019,96.0,4.95,-6.09,72.97,3.71
242,zakamensk,14.0,RU,09-13-2019,72.0,50.38,103.29,30.85,5.77
243,bosaso,61.0,SO,09-13-2019,73.0,11.28,49.18,87.55,7.74
244,umzimvubu,,,,,,,,
245,kaitangata,3.0,NZ,09-13-2019,56.0,-46.28,169.85,46.99,3.0
246,fairbanks,75.0,US,09-13-2019,42.0,64.84,-147.72,66.99,4.7
247,coihaique,75.0,CL,09-13-2019,76.0,-45.58,-72.07,48.2,3.8
248,white rock,75.0,CA,09-13-2019,82.0,49.02,-122.8,66.99,10.29
249,nanortalik,16.0,GL,09-13-2019,84.0,60.14,-45.24,39.49,7.38
250,jaffna,4.0,LK,09-13-2019,84.0,9.67,80.01,82.33,23.06
251,launceston,12.0,AU,09-13-2019,91.0,-41.43,147.14,41.0,6.93
252,schruns,0.0,AT,09-13-2019,93.0,47.08,9.92,64.0,2.24
253,port lavaca,40.0,US,09-13-2019,56.0,28.61,-96.63,93.2,13.87
254,yar-sale,95.0,RU,09-13-2019,75.0,66.83,70.83,36.79,8.95
255,nome,40.0,US,09-13-2019,39.0,30.04,-94.42,96.01,9.17
256,traverse city,90.0,US,09-13-2019,54.0,44.76,-85.62,78.8,10.29
257,muravlenko,100.0,RU,09-13-2019,96.0,63.79,74.5,38.41,9.98
258,dreznica,0.0,RS,09-13-2019,52.0,42.4,21.89,66.2,2.24
259,utica,1.0,US,09-13-2019,49.0,43.1,-75.23,71.6,14.99
260,komsomolskiy,100.0,RU,09-13-2019,96.0,67.55,63.78,44.35,13.65
261,rio grande,20.0,BR,09-13-2019,67.0,-32.03,-52.1,62.6,11.41
262,barentsburg,,,,,,,,
263,rorvik,40.0,NO,09-13-2019,93.0,64.86,11.24,46.4,10.29
264,san cristobal,100.0,HN,09-13-2019,31.0,14.68,-86.92,87.37,10.38
265,vardo,90.0,US,09-13-2019,88.0,39.62,-77.74,69.01,6.93
266,ekhabi,100.0,RU,09-13-2019,83.0,53.51,142.97,58.39,21.43
267,kushmurun,,,,,,,,
268,dire dawa,23.0,ET,09-13-2019,59.0,9.59,41.86,69.55,8.46
269,chuy,100.0,UY,09-13-2019,81.0,-33.69,-53.46,52.45,5.14
270,sitio novo do tocantins,,,,,,,,
271,ahipara,100.0,NZ,09-13-2019,100.0,-35.17,173.16,50.0,25.32
272,manado,20.0,ID,09-13-2019,57.0,1.49,124.85,80.6,14.99
273,apollonia,0.0,GR,09-13-2019,40.0,40.64,23.49,77.0,2.24
274,ekibastuz,100.0,KZ,09-13-2019,90.0,51.72,75.32,51.37,4.34
275,mae sai,20.0,MM,09-13-2019,100.0,20.44,99.89,75.2,2.24
276,astana,0.0,KZ,09-13-2019,81.0,51.13,71.43,51.8,4.47
277,yerbogachen,100.0,RU,09-13-2019,94.0,61.28,108.01,23.11,4.85
278,yanam,83.0,IN,09-13-2019,92.0,16.73,82.22,77.47,6.24
279,cuamba,0.0,MZ,09-13-2019,45.0,-14.8,36.54,73.51,2.53
280,rozkishne,0.0,UA,09-13-2019,37.0,48.5,37.59,61.99,4.61
281,scottsburgh,,,,,,,,
282,tiksi,85.0,RU,09-13-2019,93.0,71.64,128.87,38.95,10.22
283,port lincoln,0.0,AU,09-13-2019,74.0,-34.72,135.86,58.03,12.46
284,paamiut,100.0,GL,09-13-2019,82.0,61.99,-49.67,40.03,8.86
285,bunia,0.0,CD,09-13-2019,97.0,1.56,30.25,64.87,1.43
286,tautira,20.0,PF,09-13-2019,65.0,-17.73,-149.15,82.4,20.8
287,clyde river,75.0,CA,09-13-2019,100.0,70.47,-68.59,35.6,23.04
288,butembo,0.0,CD,09-13-2019,95.0,0.12,29.29,61.45,3.02
289,anadyr,40.0,RU,09-13-2019,87.0,64.73,177.51,44.6,8.86
290,zelenogorskiy,0.0,RU,09-13-2019,87.0,55.03,87.0,32.0,6.71
291,cockburn town,100.0,TC,09-13-2019,79.0,21.46,-71.14,83.95,11.68
292,sambava,0.0,MG,09-13-2019,85.0,-14.27,50.17,65.23,3.11
293,haapu,,,,,,,,
294,tabas,0.0,IR,09-13-2019,14.0,33.6,56.92,82.4,6.93
295,hutchinson,1.0,US,09-13-2019,34.0,38.06,-97.93,84.99,11.41
296,najran,40.0,SA,09-13-2019,22.0,17.54,44.22,86.0,4.7
297,marawi,66.0,PH,09-13-2019,91.0,8.0,124.29,73.99,4.0
298,naze,75.0,NG,09-13-2019,100.0,5.43,7.07,75.2,4.43
299,datong,11.0,CN,09-13-2019,29.0,40.09,113.3,56.95,6.4
300,aklavik,90.0,CA,09-13-2019,93.0,68.22,-135.01,44.6,10.29
301,henties bay,0.0,NA,09-13-2019,89.0,-22.12,14.28,55.0,7.05
302,port-gentil,90.0,GA,09-13-2019,78.0,-0.72,8.78,78.8,11.41
303,itoman,20.0,JP,09-13-2019,88.0,26.12,127.67,82.4,12.75
304,lerwick,100.0,GB,09-13-2019,87.0,60.15,-1.15,51.8,16.11
305,menongue,0.0,AO,09-13-2019,18.0,-14.66,17.68,60.91,2.28
306,chernyshevskiy,100.0,RU,09-13-2019,75.0,63.01,112.47,30.13,6.04
307,hayden,40.0,US,09-13-2019,43.0,47.77,-116.79,73.99,13.87
308,bolungarvik,,,,,,,,
309,poso,59.0,ID,09-13-2019,93.0,-1.4,120.75,57.67,4.03
310,flinders,5.0,AU,09-13-2019,75.0,-34.58,150.85,59.0,8.05
311,hoshiarpur,0.0,IN,09-13-2019,75.0,31.53,75.9,80.89,5.39
312,nador,75.0,MA,09-13-2019,78.0,35.17,-2.93,75.2,3.36
313,kota belud,75.0,MY,09-13-2019,88.0,6.35,116.43,75.2,5.82
314,kloulklubed,75.0,PW,09-13-2019,83.0,7.04,134.26,80.6,8.05
315,skjervoy,75.0,NO,09-13-2019,75.0,70.03,20.97,46.4,17.22
316,sawakin,0.0,SD,09-13-2019,33.0,19.1,37.33,90.07,2.13
317,nioaque,41.0,BR,09-13-2019,30.0,-21.16,-55.83,90.97,5.77
318,flin flon,75.0,CA,09-13-2019,62.0,54.77,-101.88,59.0,3.36
319,lorengau,25.0,PG,09-13-2019,87.0,-2.02,147.27,79.81,10.2
320,narsaq,40.0,GL,09-13-2019,42.0,60.91,-46.05,46.4,4.7
321,svelgen,40.0,NO,09-13-2019,76.0,61.77,5.3,51.8,19.46
322,comodoro rivadavia,40.0,AR,09-13-2019,39.0,-45.87,-67.48,62.6,13.87
323,warqla,,,,,,,,
324,zhanatas,,,,,,,,
325,oktyabrskoye,0.0,RU,09-13-2019,92.0,56.73,85.44,34.0,4.47
326,port hawkesbury,0.0,CA,09-13-2019,71.0,45.62,-61.36,60.01,5.01
327,san patricio,0.0,PY,09-13-2019,66.0,-26.98,-56.83,69.01,3.87
328,fort frances,90.0,CA,09-13-2019,87.0,48.61,-93.4,52.0,12.75
329,bolama,97.0,GW,09-13-2019,82.0,11.58,-15.48,80.35,8.66
330,zyryanka,100.0,RU,09-13-2019,61.0,65.73,150.89,54.79,27.92
331,cozumel,,,,,,,,
332,devils lake,20.0,US,09-13-2019,52.0,48.11,-98.87,64.4,12.75
333,pontes e lacerda,0.0,BR,09-13-2019,24.0,-15.23,-59.33,94.39,5.59
334,krasnoselkup,,,,,,,,
335,lompoc,1.0,US,09-13-2019,10.0,34.64,-120.46,100.4,8.05
336,kavieng,100.0,PG,09-13-2019,80.0,-2.57,150.8,81.61,5.32
337,ofunato,12.0,JP,09-13-2019,92.0,39.11,141.75,57.31,1.21
338,fort nelson,20.0,CA,09-13-2019,49.0,58.81,-122.69,68.0,4.7
339,chapais,75.0,CA,09-13-2019,44.0,49.78,-74.86,59.0,16.11
340,aleksandrow kujawski,0.0,PL,09-13-2019,81.0,52.88,18.69,55.0,9.17
341,piraju,33.0,BR,09-13-2019,69.0,-23.19,-49.38,70.81,14.85
342,presidente medici,31.0,BR,09-13-2019,19.0,-11.18,-61.9,101.05,3.18
343,geraldton,90.0,CA,09-13-2019,93.0,49.72,-86.95,59.0,9.17
344,beloha,0.0,MG,09-13-2019,72.0,-25.17,45.06,70.09,1.01
345,belaya gora,100.0,RU,09-13-2019,52.0,68.54,146.19,46.87,7.31
346,hualmay,23.0,PE,09-13-2019,86.0,-11.1,-77.61,60.91,14.29
347,dong hoi,44.0,VN,09-13-2019,93.0,17.48,106.6,74.23,3.0
348,longyearbyen,75.0,NO,09-13-2019,76.0,78.22,15.63,48.2,19.46
349,koluszki,0.0,PL,09-13-2019,72.0,51.74,19.82,59.0,9.17
350,kurmanayevka,0.0,RU,09-13-2019,50.0,52.51,52.07,59.11,3.44
351,atikokan,100.0,CA,09-13-2019,96.0,48.76,-91.62,50.65,12.08
352,kazalinsk,,,,,,,,
353,port blair,99.0,IN,09-13-2019,80.0,11.67,92.75,81.97,17.83
354,mortka,69.0,RU,09-13-2019,95.0,59.33,66.02,50.29,5.91
355,emerald,0.0,AU,09-13-2019,34.0,-23.53,148.16,52.0,4.7
356,volsk,0.0,RU,09-13-2019,46.0,52.04,47.39,58.03,1.9
357,manjacaze,98.0,MZ,09-13-2019,77.0,-24.71,33.88,72.25,12.97
358,alvarado,40.0,CO,09-13-2019,36.0,4.57,-74.95,91.4,6.93
359,elmina,56.0,GH,09-13-2019,91.0,5.09,-1.35,76.03,8.57
360,bereda,0.0,ES,09-13-2019,72.0,43.27,-7.54,68.0,2.24
361,samarai,94.0,PG,09-13-2019,92.0,-10.62,150.67,70.81,6.42
362,berlevag,40.0,NO,09-13-2019,76.0,70.86,29.09,48.2,20.8
363,itarema,67.0,BR,09-13-2019,64.0,-2.92,-39.92,78.73,13.24
364,berberati,100.0,CF,09-13-2019,98.0,4.26,15.79,68.83,2.95
365,abu samrah,0.0,SY,09-13-2019,66.0,35.3,37.18,71.71,5.84
366,mwanza,0.0,TZ,09-13-2019,73.0,-2.52,32.9,77.0,11.41
367,fort-shevchenko,0.0,KZ,09-13-2019,64.0,44.51,50.26,68.65,9.17
368,palabuhanratu,,,,,,,,
369,aksha,93.0,RU,09-13-2019,84.0,50.28,113.29,36.97,1.21
370,bambanglipuro,77.0,ID,09-13-2019,83.0,-7.95,110.28,74.95,10.96
371,loding,40.0,DE,09-13-2019,87.0,48.05,12.68,64.0,3.36
372,usakos,0.0,NA,09-13-2019,64.0,-22.0,15.59,51.01,1.21
373,wahran,,,,,,,,
374,calderitas,75.0,MX,09-13-2019,66.0,18.55,-88.26,87.8,13.87
375,kalmunai,84.0,LK,09-13-2019,90.0,7.42,81.82,76.21,2.24
376,buta,100.0,CD,09-13-2019,96.0,2.79,24.73,67.75,2.64
377,omboue,100.0,GA,09-13-2019,85.0,-1.57,9.26,75.85,15.52
378,tabukiniberu,,,,,,,,
379,general roca,0.0,AR,09-13-2019,39.0,-39.03,-67.58,66.2,14.25
380,asfi,,,,,,,,
381,malwan,,,,,,,,
382,umm lajj,0.0,SA,09-13-2019,71.0,25.02,37.27,84.49,10.98
383,badin,81.0,PK,09-13-2019,72.0,24.66,68.84,83.95,16.2
384,sentyabrskiy,,,,,,,,
385,namibe,0.0,AO,09-13-2019,76.0,-15.19,12.15,67.39,18.41
386,nantucket,1.0,US,09-13-2019,55.0,41.28,-70.1,66.2,18.34
387,ambunti,26.0,PG,09-13-2019,96.0,-4.22,142.82,71.35,0.31
388,cayenne,0.0,GF,09-13-2019,70.0,4.94,-52.33,86.0,10.29
389,keffi,75.0,NG,09-13-2019,88.0,8.85,7.88,75.2,4.7
390,boa vista,20.0,BR,09-13-2019,39.0,2.82,-60.67,95.0,11.41
391,illoqqortoormiut,,,,,,,,
392,sainte-maxime,7.0,FR,09-13-2019,68.0,43.31,6.64,75.2,3.56
393,drayton valley,78.0,CA,09-13-2019,65.0,53.22,-114.98,63.97,7.43
394,northam,0.0,AU,09-13-2019,87.0,-31.65,116.67,57.2,5.82
395,panshi,98.0,CN,09-13-2019,96.0,42.94,126.05,52.27,6.06
396,merke,10.0,KZ,09-13-2019,36.0,42.87,73.19,58.03,3.78
397,balaipungut,100.0,ID,09-13-2019,95.0,1.11,101.31,74.41,2.21
398,great yarmouth,0.0,GB,09-13-2019,87.0,52.61,1.73,53.01,5.77
399,klaeng,100.0,TH,09-13-2019,82.0,12.78,101.65,84.0,2.64
400,jujuy,,,,,,,,
401,vanimo,70.0,PG,09-13-2019,77.0,-2.67,141.3,80.89,10.25
402,ornskoldsvik,11.0,SE,09-13-2019,65.0,63.29,18.72,46.4,12.75
403,halalo,,,,,,,,
404,karratha,0.0,AU,09-13-2019,12.0,-20.74,116.85,66.67,11.97
405,amahai,58.0,ID,09-13-2019,84.0,-3.31,129.0,75.49,14.5
406,zambezi,0.0,ZM,09-13-2019,16.0,-13.55,23.12,67.21,1.12
407,shoreview,90.0,US,09-13-2019,77.0,45.07,-93.13,60.01,16.11
408,slatina,0.0,HR,09-13-2019,83.0,45.7,17.7,64.99,1.01
409,solsvik,,,,,,,,
410,saint george,0.0,GR,09-13-2019,43.0,39.45,22.34,69.8,3.36
411,opuwo,0.0,NA,09-13-2019,45.0,-18.06,13.84,59.83,3.83
412,mandalgarh,100.0,IN,09-13-2019,89.0,25.2,75.09,77.65,6.76
413,chipiona,0.0,PE,09-13-2019,46.0,-14.54,-75.2,70.63,12.19
414,clinton,1.0,US,09-13-2019,52.0,41.28,-72.53,70.0,8.05
415,dzhebariki-khaya,100.0,RU,09-13-2019,93.0,62.22,135.8,38.41,8.88
416,novyy urengoy,0.0,RU,09-13-2019,85.0,66.08,76.63,29.41,3.87
417,bubaque,67.0,GW,09-13-2019,79.0,11.28,-15.83,81.25,9.57
418,kabelvag,75.0,NO,09-13-2019,81.0,68.21,14.48,46.4,13.87
419,arlit,0.0,NE,09-13-2019,11.0,18.74,7.39,100.69,18.48
420,payo,100.0,ID,09-13-2019,71.0,-3.75,103.64,65.77,3.4
421,kaeo,100.0,NZ,09-13-2019,94.0,-35.1,173.78,52.0,12.39
422,tanda,0.0,IN,09-13-2019,79.0,31.67,75.63,79.27,2.39
423,damghan,100.0,IR,09-13-2019,95.0,36.17,54.34,47.95,4.94
424,lata,100.0,IN,09-13-2019,84.0,30.78,78.62,38.59,1.68
425,cravo norte,100.0,CO,09-13-2019,80.0,6.3,-70.2,81.79,5.79
426,whitehorse,75.0,CA,09-13-2019,54.0,60.72,-135.06,60.01,13.87
427,soyo,2.0,AO,09-13-2019,88.0,-6.13,12.37,75.2,3.36
428,natal,20.0,BR,09-13-2019,74.0,-5.81,-35.21,78.8,14.99
429,evensk,14.0,RU,09-13-2019,45.0,61.92,159.24,43.99,1.72
430,kattivakkam,75.0,IN,09-13-2019,83.0,13.22,80.32,78.8,13.87
431,sinop,16.0,TR,09-13-2019,78.0,42.03,35.15,64.69,7.4
432,bathsheba,20.0,BB,09-13-2019,66.0,13.22,-59.52,87.8,8.05
433,la union,100.0,GT,09-13-2019,62.0,14.97,-89.29,83.23,6.22
434,olga,1.0,US,09-13-2019,38.0,34.11,-118.17,100.99,4.7
435,honiara,75.0,SB,09-13-2019,94.0,-9.43,159.96,77.0,4.83
436,ukiah,1.0,US,09-13-2019,17.0,39.15,-123.21,99.0,8.57
437,acapulco,40.0,MX,09-13-2019,62.0,16.86,-99.88,89.6,9.17
438,mairang,75.0,IN,09-13-2019,100.0,25.56,91.64,78.8,5.99
439,araci,77.0,BR,09-13-2019,54.0,-11.34,-38.96,77.11,9.55
440,meyungs,,,,,,,,
441,piet retief,43.0,ZA,09-13-2019,87.0,-27.01,30.81,58.21,3.91
442,yulara,0.0,AU,09-13-2019,25.0,-25.24,130.99,51.8,8.05
443,yarmouth,20.0,CA,09-13-2019,55.0,43.84,-66.12,64.99,13.87
444,hokitika,93.0,NZ,09-13-2019,66.0,-42.72,170.96,49.57,3.76
445,beaumont,40.0,US,09-13-2019,39.0,30.09,-94.1,96.01,9.17
446,pacific grove,1.0,US,09-13-2019,13.0,36.62,-121.92,100.99,6.93
447,vengurla,86.0,IN,09-13-2019,86.0,15.86,73.64,79.09,7.99
448,pozo colorado,38.0,PY,09-13-2019,38.0,-23.49,-58.8,80.71,4.76
449,sabzevar,0.0,IR,09-13-2019,76.0,36.21,57.68,54.43,14.14
450,kutum,87.0,SD,09-13-2019,51.0,14.2,24.66,80.17,5.5
451,ithaca,90.0,US,09-13-2019,63.0,42.44,-76.5,68.0,11.41
452,raudeberg,40.0,NO,09-13-2019,76.0,61.99,5.14,51.8,19.46
453,palmerston,0.0,AU,09-13-2019,88.0,-12.49,130.99,70.0,20.8
454,les herbiers,0.0,FR,09-13-2019,68.0,46.87,-1.01,69.8,9.17
455,hobyo,99.0,SO,09-13-2019,83.0,5.35,48.53,77.29,21.81
456,rajbiraj,97.0,NP,09-13-2019,78.0,26.54,86.75,79.09,11.61
457,selfoss,75.0,IS,09-13-2019,61.0,63.94,-21.0,46.4,5.82
458,hopewell,90.0,US,09-13-2019,73.0,37.3,-77.29,75.2,10.29
459,bembereke,51.0,BJ,09-13-2019,86.0,10.23,2.66,75.85,3.58
460,tsihombe,,,,,,,,
461,qaqortoq,40.0,GL,09-13-2019,42.0,60.72,-46.03,46.4,4.7
462,coquimbo,20.0,CL,09-13-2019,67.0,-29.95,-71.34,59.0,9.17
463,vila velha,0.0,BR,09-13-2019,69.0,-3.71,-38.6,80.6,13.87
464,sechura,26.0,PE,09-13-2019,83.0,-5.56,-80.82,63.61,16.44
465,wanning,75.0,AT,09-13-2019,88.0,48.64,13.53,62.6,3.36
466,pevek,0.0,RU,09-13-2019,70.0,69.7,170.27,38.41,9.73
467,saint anthony,1.0,US,09-13-2019,35.0,43.97,-111.68,73.0,9.17
468,kruisfontein,67.0,ZA,09-13-2019,86.0,-34.0,24.73,49.03,8.9
469,dolbeau,,,,,,,,
470,ahuimanu,40.0,US,09-13-2019,58.0,21.44,-157.84,84.99,6.93
471,belyy yar,75.0,RU,09-13-2019,86.0,53.6,91.39,41.0,6.71
472,beringovskiy,100.0,RU,09-13-2019,95.0,63.05,179.32,43.45,7.43
473,goderich,100.0,CA,09-13-2019,85.0,43.74,-81.71,77.0,18.01
474,cidreira,0.0,BR,09-13-2019,78.0,-30.17,-50.22,57.85,9.4
475,serdobsk,0.0,RU,09-13-2019,53.0,52.46,44.21,58.21,6.87
476,pyay,0.0,MM,09-13-2019,95.0,18.82,95.22,72.61,1.25
477,boone,40.0,US,09-13-2019,78.0,36.22,-81.67,88.0,3.36
478,lichuan,97.0,CN,09-13-2019,98.0,30.3,108.94,68.65,1.77
479,mundo nuevo,75.0,CL,09-13-2019,82.0,-32.72,-71.41,55.4,13.87
480,mount gambier,1.0,AU,09-13-2019,100.0,-37.83,140.78,39.2,9.35
481,zarya,0.0,RU,09-13-2019,71.0,44.89,37.47,53.6,6.71
482,kihei,20.0,US,09-13-2019,52.0,20.76,-156.45,89.6,17.22
483,falun,3.0,SE,09-13-2019,70.0,60.61,15.63,51.01,9.17
484,dodge city,1.0,US,09-13-2019,28.0,37.75,-100.02,84.0,23.04
485,canutama,48.0,BR,09-13-2019,36.0,-6.53,-64.38,96.37,0.36
486,ugoofaaru,67.0,MV,09-13-2019,71.0,5.67,73.0,83.23,4.36
487,tsabong,0.0,BW,09-13-2019,29.0,-26.02,22.4,56.41,10.36
488,beboto,100.0,TD,09-13-2019,84.0,8.27,16.94,74.59,2.37
489,alofi,20.0,NU,09-13-2019,74.0,-19.06,-169.92,78.8,12.75
490,horasan,0.0,TR,09-13-2019,49.0,40.04,42.16,53.17,6.62
491,kostomuksha,0.0,RU,09-13-2019,93.0,64.59,30.6,41.47,5.17
492,balakhta,0.0,RU,09-13-2019,93.0,55.38,91.62,28.69,5.93
493,churapcha,96.0,RU,09-13-2019,76.0,62.0,132.43,32.29,7.29
494,buariki,,,,,,,,
495,obluche,,,,,,,,
496,praia,0.0,BR,09-13-2019,18.0,-20.25,-43.81,91.4,12.75
497,senador jose porfirio,100.0,BR,09-13-2019,87.0,-2.59,-51.95,78.37,8.01
498,formoso do araguaia,,,,,,,,
499,maraa,49.0,BR,09-13-2019,43.0,-1.83,-65.37,95.65,1.77
500,leningradskiy,98.0,RU,09-13-2019,72.0,69.38,178.42,37.87,4.83
501,karema,79.0,TZ,09-13-2019,66.0,-6.82,30.44,78.01,8.37
502,pemberton,98.0,AU,09-13-2019,98.0,-34.44,116.03,62.01,3.0
503,antsohihy,28.0,MG,09-13-2019,79.0,-14.88,47.99,72.79,4.05
504,narasannapeta,80.0,IN,09-13-2019,89.0,18.42,84.04,77.47,3.65
505,saint-pierre,0.0,FR,09-13-2019,93.0,48.95,4.24,60.8,6.93
506,erzin,0.0,TR,09-13-2019,78.0,36.95,36.2,80.01,2.24
507,mantua,0.0,IT,09-13-2019,72.0,45.16,10.79,73.99,5.82
508,altamira,40.0,BR,09-13-2019,55.0,-3.2,-52.21,91.4,6.93
509,mapiri,100.0,BO,09-13-2019,90.0,-15.31,-68.22,50.47,2.01
510,tual,84.0,ID,09-13-2019,81.0,-5.67,132.75,75.67,21.74
511,marathon,90.0,CA,09-13-2019,100.0,48.72,-86.38,55.4,6.93
512,strelka,100.0,RU,09-13-2019,78.0,58.08,93.03,33.01,10.27
513,praia da vitoria,75.0,PT,09-13-2019,88.0,38.73,-27.07,69.8,9.8
514,gat,20.0,SN,09-13-2019,88.0,14.69,-16.54,82.4,5.82
515,lieksa,0.0,FI,09-13-2019,86.0,63.32,30.02,43.63,5.37
516,puerto escondido,40.0,MX,09-13-2019,66.0,15.86,-97.07,87.8,6.93
517,saulkrasti,20.0,LV,09-13-2019,81.0,57.26,24.42,53.6,5.82
518,srandakan,77.0,ID,09-13-2019,83.0,-7.94,110.25,74.95,10.96
519,saleaula,,,,,,,,
520,ulaangom,80.0,MN,09-13-2019,68.0,49.98,92.07,40.03,0.85
521,azare,94.0,NG,09-13-2019,55.0,11.67,10.19,83.59,6.6
522,puerto suarez,3.0,BO,09-13-2019,54.0,-18.96,-57.8,87.8,4.7
523,peniche,0.0,PT,09-13-2019,32.0,39.36,-9.38,80.6,4.7
524,raga,,,,,,,,
525,dhidhdhoo,100.0,MV,09-13-2019,76.0,6.88,73.1,82.33,8.63
526,killam,61.0,CA,09-13-2019,64.0,52.79,-111.86,65.59,11.59
527,karasburg,0.0,NA,09-13-2019,30.0,-28.01,18.75,52.45,8.41
528,satitoa,,,,,,,,
529,polyarnyye zori,100.0,RU,09-13-2019,92.0,67.37,32.5,46.33,10.09
530,sri aman,96.0,MY,09-13-2019,94.0,1.24,111.46,75.2,2.24
531,bang saphan,100.0,TH,09-13-2019,79.0,11.21,99.51,79.63,10.87
532,chekalin,14.0,RU,09-13-2019,72.0,54.1,36.24,60.8,6.71
533,saint-joseph,0.0,FR,09-13-2019,72.0,43.56,6.97,75.2,4.7
534,camacha,40.0,PT,09-13-2019,78.0,33.08,-16.33,77.0,6.93
535,changli,100.0,CN,09-13-2019,90.0,30.54,105.42,61.63,6.64
536,jepara,100.0,ID,09-13-2019,92.0,-5.21,105.74,68.65,6.64
537,wulanhaote,,,,,,,,
538,kormilovka,100.0,RU,09-13-2019,100.0,55.0,74.1,41.0,6.53
539,miracema do tocantins,78.0,BR,09-13-2019,18.0,-9.56,-48.4,94.57,2.44
540,pitimbu,40.0,BR,09-13-2019,78.0,-7.47,-34.81,78.8,11.41
541,kamenka,62.0,MD,09-13-2019,79.0,48.03,28.7,57.99,4.72
542,gilgit,94.0,PK,09-13-2019,60.0,35.92,74.31,45.79,3.06
543,nizhniy tsasuchey,33.0,RU,09-13-2019,78.0,50.52,115.13,40.03,3.67
544,margate,75.0,AU,09-13-2019,61.0,-43.03,147.26,51.01,9.17
545,gap,18.0,FR,09-13-2019,72.0,44.56,6.08,59.47,2.84
546,umea,0.0,SE,09-13-2019,81.0,63.83,20.26,44.6,8.05
547,ixtapa,75.0,MX,09-13-2019,66.0,20.71,-105.21,91.4,8.05
548,lolua,,,,,,,,
549,kawanoe,0.0,JP,09-13-2019,90.0,34.02,133.57,71.01,5.59
550,qostanay,0.0,KZ,09-13-2019,81.0,53.17,63.58,51.8,4.47
551,ankazoabo,0.0,MG,09-13-2019,46.0,-22.29,44.51,67.03,5.46
552,uvinza,39.0,TZ,09-13-2019,67.0,-5.1,30.39,71.89,1.66
553,ust-bolsheretsk,,,,,,,,
554,kibara,25.0,TZ,09-13-2019,73.0,-2.15,33.45,77.0,11.41
555,royan,0.0,FR,09-13-2019,47.0,45.62,-1.03,77.0,4.7
556,seddon,20.0,AU,09-13-2019,93.0,-37.81,144.89,51.01,9.17
557,andilamena,47.0,MG,09-13-2019,96.0,-17.01,48.57,56.59,4.63
558,altay,65.0,CN,09-13-2019,65.0,47.83,88.13,35.71,7.02
559,hillsborough,20.0,US,09-13-2019,27.0,37.57,-122.38,93.0,8.05
560,sungaipenuh,100.0,ID,09-13-2019,93.0,-2.08,101.38,71.53,1.77
561,isangel,90.0,VU,09-13-2019,100.0,-19.55,169.27,68.0,15.39
562,seydisehir,0.0,TR,09-13-2019,44.0,37.42,31.85,58.21,5.82
563,maimon,,,,,,,,
564,presidencia roque saenz pena,0.0,AR,09-13-2019,45.0,-26.79,-60.44,69.73,4.76
565,baykit,14.0,RU,09-13-2019,94.0,61.68,96.39,14.83,3.04
566,joshimath,100.0,IN,09-13-2019,76.0,30.57,79.57,52.63,1.99
567,bonga,98.0,ET,09-13-2019,98.0,7.26,36.25,55.33,1.95
568,half moon bay,5.0,US,09-13-2019,39.0,37.46,-122.43,97.0,4.7
569,tomatlan,97.0,MX,09-13-2019,69.0,19.93,-105.25,85.21,6.2
570,ondjiva,81.0,AO,09-13-2019,20.0,-17.07,15.73,73.15,6.91
571,kabompo,0.0,ZM,09-13-2019,17.0,-13.6,24.21,68.65,2.46
572,waipawa,70.0,NZ,09-13-2019,84.0,-39.94,176.59,51.01,3.22
573,yining,0.0,CN,09-13-2019,88.0,29.04,114.56,74.77,1.74
574,sajur,0.0,IL,09-13-2019,82.0,32.94,35.34,73.99,1.72
575,deputatskiy,100.0,RU,09-13-2019,82.0,69.3,139.9,36.79,2.98
576,isla del bosque,75.0,MX,09-13-2019,70.0,22.73,-105.85,89.6,8.05
577,shalakusha,99.0,RU,09-13-2019,96.0,62.23,40.26,51.91,7.25
578,grindavik,75.0,IS,09-13-2019,75.0,63.84,-22.43,46.4,5.82
579,khonuu,,,,,,,,
580,belmonte,99.0,PT,09-13-2019,54.0,40.36,-7.35,77.0,4.0
581,dawlatabad,0.0,AF,09-13-2019,20.0,36.41,64.91,65.23,11.86
582,bougouni,85.0,ML,09-13-2019,97.0,11.42,-7.49,72.97,3.91
583,xining,92.0,CN,09-13-2019,92.0,36.62,101.77,38.41,2.1
584,ondangwa,93.0,NA,09-13-2019,20.0,-17.91,15.98,69.37,3.02
585,zemetchino,94.0,RU,09-13-2019,50.0,53.5,42.62,61.99,10.54
586,barentu,100.0,ER,09-13-2019,87.0,15.11,37.59,73.51,4.83
587,murchison,0.0,AU,09-13-2019,78.0,-36.62,145.22,46.99,5.55
588,ruatoria,,,,,,,,
589,pangnirtung,20.0,CA,09-13-2019,80.0,66.15,-65.72,41.0,10.29
590,kaupanger,100.0,NO,09-13-2019,94.0,61.18,7.24,45.0,6.38
591,muana,100.0,BR,09-13-2019,92.0,-1.53,-49.22,78.73,2.77
592,sayat,0.0,TM,09-13-2019,36.0,38.78,63.88,64.4,9.17
593,manzil salim,0.0,TN,09-13-2019,64.0,35.86,8.48,75.2,6.93
594,zabinka,,,,,,,,
595,williston,1.0,US,09-13-2019,56.0,48.15,-103.62,71.01,8.05
596,nanakuli,40.0,US,09-13-2019,58.0,21.39,-158.15,84.99,6.93
597,tingi,0.0,TZ,09-13-2019,46.0,-11.3,35.03,73.51,15.3
598,morant bay,20.0,JM,09-13-2019,62.0,17.88,-76.41,89.6,20.8
599,puerto madryn,83.0,AR,09-13-2019,45.0,-42.77,-65.04,58.57,24.23
600,trinidad,16.0,BO,09-13-2019,42.0,-14.83,-64.9,86.0,5.82
601,vestmannaeyjar,100.0,IS,09-13-2019,78.0,63.44,-20.27,49.75,13.91
602,kulhudhuffushi,47.0,MV,09-13-2019,75.0,6.62,73.07,82.51,7.61
603,ariano irpino,5.0,IT,09-13-2019,100.0,41.15,15.09,73.99,9.17
604,hambantota,100.0,LK,09-13-2019,81.0,6.12,81.12,81.43,12.5
605,salalah,75.0,OM,09-13-2019,88.0,17.01,54.1,78.8,4.7
606,vanavara,100.0,RU,09-13-2019,96.0,60.35,102.28,27.79,14.16
607,mahadday weyne,,,,,,,,
608,srednekolymsk,100.0,RU,09-13-2019,63.0,67.46,153.71,45.79,21.59
609,tabou,100.0,CI,09-13-2019,91.0,4.42,-7.36,74.95,4.23
610,amantea,0.0,IT,09-13-2019,78.0,39.13,16.07,73.4,3.36
611,krasne,0.0,UA,09-13-2019,77.0,49.91,24.61,62.6,4.47
612,toliary,,,,,,,,
613,rapid valley,1.0,US,09-13-2019,38.0,44.06,-103.15,80.01,4.7
614,aykhal,90.0,RU,09-13-2019,100.0,65.95,111.51,26.6,6.71
615,venice,1.0,US,09-13-2019,66.0,27.1,-82.45,88.0,12.75
